City_ID,City,Lat,Lng,Max Temp,Humidity,Cloudiness,Wind Speed,Country,Date
0,waitangi,-43.9535,-176.5597,18.23,73,7,3.58,NZ,1707018261
1,puerto baquerizo moreno,-0.9,-89.6,25.49,88,17,4.73,EC,1707018315
2,phan rang-thap cham,11.5667,108.9833,30.99,50,41,4.07,VN,1707018372
3,georgetown,5.4112,100.3354,31.96,70,20,2.06,MY,1707018281
4,edinburgh of the seven seas,-37.0676,-12.3116,16.1,76,39,12.34,SH,1707018268
5,hermanus,-34.4187,19.2345,22.67,87,34,1.65,ZA,1707018258
6,kerikeri,-35.2268,173.9474,21.74,49,0,3.16,NZ,1707018266
7,colonia menno,-22.3667,-59.8167,29.85,39,60,3.8,PY,1707018312
8,ati,13.2154,18.3353,17.01,19,1,4.56,TD,1707018572
9,aasiaat,68.7098,-52.8699,-31.45,91,63,2.26,GL,1707018310
10,adamstown,-25.066,-130.1015,25.43,77,100,2.32,PN,1707018253
11,puerto natales,-51.7236,-72.4875,6.75,93,100,1.29,CL,1707018262
12,thurso,58.5927,-3.5259,7.14,91,100,13.78,GB,1707018384
13,kavaratti,10.5669,72.642,27.03,72,29,5.15,IN,1707018573
14,aistala,23.18,88.58,22.7,23,1,1.92,IN,1707018573
15,cidreira,-30.1811,-50.2056,23.27,90,72,5.76,BR,1707018082
16,bilibino,68.0546,166.4372,-30.06,83,15,2.66,RU,1707018026
17,iqaluit,63.7506,-68.5145,-25.15,68,0,5.66,CA,1707018097
18,jamestown,42.097,-79.2353,-2.77,99,0,0.45,US,1707018023
19,badger,64.8,-147.5333,-38.33,68,0,0.0,US,1707018274
20,casablanca,33.5928,-7.6192,15.18,93,79,1.01,MA,1707018574
21,kaa-khem,51.6833,94.7333,-22.79,99,84,0.97,RU,1707018574
22,boda,4.3189,17.4695,21.64,31,95,1.92,CF,1707018574
23,invercargill,-46.4,168.35,15.57,84,99,8.49,NZ,1707017991
24,tolanaro,-25.0319,46.9987,24.04,83,20,8.23,MG,1707018307
25,mili,6.0815,171.735,27.9,76,100,8.77,MH,1707018305
26,mount gambier,-37.8333,140.7667,33.18,21,25,1.83,AU,1707018319
27,hammerfest,70.6634,23.6821,-2.75,80,100,3.6,NO,1707018363
28,bethel,41.3712,-73.414,1.2,63,0,2.57,US,1707018265
29,zhumadian,32.9794,114.0294,-1.61,95,100,4.76,CN,1707018575
30,stanley,54.868,-1.6985,7.38,78,40,8.75,GB,1707018092
31,port-aux-francais,-49.35,70.2167,6.3,88,96,10.08,TF,1707018260
32,ushuaia,-54.8,-68.3,10.81,50,0,3.6,AR,1707018231
33,vorgashor,67.5833,63.95,-21.02,96,38,2.01,RU,1707018281
34,bentiu,9.2333,29.8333,20.86,18,96,2.76,SS,1707018576
35,sisimiut,66.9395,-53.6735,-20.09,87,84,4.35,GL,1707018576
36,holualoa,19.6228,-155.9522,22.65,78,100,3.09,US,1707018375
37,fale old settlement,-9.3852,-171.2468,28.24,81,100,9.28,TK,1707018351
38,freetown,8.484,-13.2299,26.84,83,80,2.06,SL,1707018370
39,alagoa nova,-7.0708,-35.7583,23.35,88,100,2.79,BR,1707018577
40,polyarnyy,69.1989,33.4478,-6.32,85,100,8.57,RU,1707018312
41,pachino,36.7186,15.0907,11.53,56,0,2.03,IT,1707018380
42,saint-pierre,-21.3393,55.4781,24.82,61,0,2.06,RE,1707018193
43,cabo san lucas,22.8909,-109.9124,20.98,65,0,2.68,MX,1707018028
44,ribeira grande,38.5167,-28.7,16.54,87,10,5.81,PT,1707018253
45,qarawul,37.2202,68.7804,3.82,87,97,1.57,AF,1707018578
46,albany,42.6001,-73.9662,-2.58,68,18,0.45,US,1707018348
47,tateyama,34.9833,139.8667,6.17,87,75,4.12,JP,1707018578
48,mugia,43.1041,-9.2179,10.09,69,11,1.49,ES,1707018315
49,puerto maldonado,-12.6,-69.1833,23.94,87,1,0.25,PE,1707018578
50,callao,-12.0667,-77.15,27.07,73,75,5.14,PE,1707018579
51,margaret river,-33.95,115.0667,19.36,45,66,7.38,AU,1707018579
52,cestos city,5.46,-9.5828,27.08,84,99,2.47,LR,1707018579
53,al jawf,29.5,38.75,7.48,57,0,2.9,SA,1707018579
54,lieksa,63.3167,30.0167,-12.78,97,79,2.82,FI,1707018579
55,grytviken,-54.2811,-36.5092,11.17,68,97,4.24,GS,1707018253
56,monte santo,-10.4378,-39.3328,20.18,77,7,2.42,BR,1707018580
57,tezpur,26.6333,92.8,20.36,44,49,2.45,IN,1707018319
58,olonkinbyen,70.9221,-8.7187,-5.82,68,100,8.35,SJ,1707017978
59,port mathurin,-19.6833,63.4167,26.4,61,7,4.77,MU,1707018316
60,tadine,-21.55,167.8833,26.31,89,100,7.21,NC,1707018580
61,punta arenas,-53.15,-70.9167,10.06,71,100,5.14,CL,1707018265
62,whitehorse,60.7161,-135.0538,-27.33,63,0,1.54,CA,1707018262
63,sal rei,16.1833,-22.9167,23.24,66,92,5.1,CV,1707018581
64,anadyr,64.75,177.4833,-18.72,70,100,11.0,RU,1707018309
65,east london,-33.0153,27.9116,23.52,83,75,4.63,ZA,1707018581
66,petropavlovsk-kamchatsky,53.0452,158.6483,-10.67,44,75,3.0,RU,1707018296
67,palmer,42.1584,-72.3287,-1.12,60,11,0.89,US,1707018581
68,sirre,8.3167,39.4833,15.59,83,55,2.74,ET,1707018581
69,yuzhno-kurilsk,44.0306,145.8556,-4.24,71,95,8.21,RU,1707018582
70,la ronge,55.1001,-105.2842,-0.86,80,100,5.14,CA,1707018582
71,forster,-32.1667,152.5167,31.83,67,67,8.71,AU,1707018058
72,cascavel,-24.9558,-53.4553,19.72,69,21,1.96,BR,1707018582
73,sao jose da coroa grande,-8.8978,-35.1478,25.64,84,35,2.38,BR,1707018582
74,sitka,57.0531,-135.33,3.94,87,100,3.09,US,1707018302
75,hohhot,40.8106,111.6522,-4.84,58,20,2.0,CN,1707018583
76,isafjordur,66.0755,-23.124,-4.82,89,99,9.05,IS,1707018273
77,kununurra,-15.7667,128.7333,35.99,49,29,4.12,AU,1707018357
78,dudinka,69.4058,86.1778,-14.07,94,100,5.36,RU,1707018262
79,papatowai,-46.5619,169.4708,18.83,62,100,6.85,NZ,1707018264
80,altay,47.8667,88.1167,-8.85,81,96,1.39,CN,1707018583
81,bredasdorp,-34.5322,20.0403,20.52,95,99,2.15,ZA,1707018270
82,banda aceh,5.5577,95.3222,29.09,67,32,3.7,ID,1707018246
83,calvi,42.5,8.8333,14.35,34,0,7.72,FR,1707018584
84,puerto ayora,-0.7393,-90.3518,24.75,99,15,3.58,EC,1707018257
85,ad dilam,23.9915,47.1627,8.23,41,83,2.03,SA,1707018584
86,iwanai,42.9744,140.5089,-1.45,71,100,4.53,JP,1707018584
87,iskateley,67.6803,53.1512,-13.32,84,16,7.15,RU,1707018313
88,mahibadhoo,3.7833,72.9667,28.06,78,63,5.94,MV,1707018585
89,nampula,-15.1165,39.2666,22.97,94,100,16.99,MZ,1707018585
90,lompoc,34.6391,-120.4579,10.99,82,100,6.71,US,1707018327
91,mutoko,-17.397,32.2268,15.87,91,93,0.75,ZW,1707018585
92,blackmans bay,-43.0167,147.3167,15.07,83,100,3.54,AU,1707018259
93,carnarvon,-24.8667,113.6333,26.75,56,8,9.59,AU,1707018326
94,greenville,35.6127,-77.3663,2.85,91,0,0.89,US,1707018586
95,uturoa,-16.7333,-151.4333,27.82,69,100,4.87,PF,1707018267
96,crucecita,-28.95,-58.9833,27.05,44,0,2.95,AR,1707018586
97,baganga,7.5739,126.56,27.2,81,84,1.7,PH,1707018586
98,victorica,-36.2151,-65.4359,19.32,24,59,9.6,AR,1707018586
99,enniskillen,54.3461,-7.6413,8.25,85,100,4.21,GB,1707018587
100,isangel,-19.55,169.2667,31.06,79,100,1.03,VU,1707018587
101,yeniseysk,58.4497,92.1703,-12.81,95,100,3.13,RU,1707018587
102,ola,59.5833,151.2833,-16.62,76,84,4.85,RU,1707018371
103,longyearbyen,78.2186,15.6401,-14.09,85,0,4.63,SJ,1707018274
104,inongo,-1.95,18.2667,22.8,92,98,0.96,CD,1707018350
105,groningen,53.25,6.75,6.68,91,56,4.63,NL,1707018584
106,kismayo,-0.3582,42.5454,26.97,83,38,5.71,SO,1707018588
107,paulden,34.8856,-112.4682,4.84,67,73,3.13,US,1707018588
108,west island,-12.1568,96.8225,24.99,94,100,3.09,CC,1707018269
109,qui nhon,13.7667,109.2333,25.8,75,8,2.74,VN,1707018588
110,mosjoen,65.836,13.1908,0.29,100,100,3.13,NO,1707018588
111,watsa,3.0372,29.5355,17.82,50,82,0.54,CD,1707018588
112,tiksi,71.6872,128.8694,-31.54,99,100,2.17,RU,1707018265
113,antsiranana,-12.2787,49.2917,25.42,83,75,0.0,MG,1707018589
114,port elizabeth,-33.918,25.5701,22.28,96,100,3.6,ZA,1707018176
115,tazovsky,67.4667,78.7,-14.69,94,100,2.76,RU,1707017999
116,la sarre,48.8002,-79.1996,-4.08,97,73,0.51,CA,1707018575
117,tres lagoas,-20.7511,-51.6783,24.27,64,100,2.34,BR,1707018589
118,arraial do cabo,-22.9661,-42.0278,24.83,93,100,6.47,BR,1707018304
119,sandnessjoen,66.0217,12.6316,0.29,96,100,17.89,NO,1707018379
120,saipan,15.1355,145.701,31.39,55,75,11.32,MP,1707018268
121,laredo,27.5064,-99.5075,17.16,51,0,2.06,US,1707018590
122,tchintabaraden,15.8969,5.7985,13.18,19,0,5.66,NE,1707018353
123,qaqortoq,60.7167,-46.0333,-22.18,69,1,3.6,GL,1707018334
124,paidha,2.4167,30.9855,18.75,46,95,0.72,UG,1707018590
125,berezovyy,51.6667,135.7,-13.79,64,3,1.18,RU,1707018363
126,amahai,-3.3333,128.9167,31.58,62,49,2.99,ID,1707018591
127,aioun,16.6614,-9.6149,17.45,12,43,5.83,MR,1707018591
128,atafu village,-8.5421,-172.5159,28.65,77,100,9.52,TK,1707018316
129,metkovic,43.0542,17.6483,0.26,76,13,0.92,HR,1707018591
130,college,64.8569,-147.8028,-38.28,64,20,0.0,US,1707018285
131,humahuaca,-23.2054,-65.3505,13.91,66,63,1.93,AR,1707018591
132,cedeira,43.6797,-8.0209,8.54,85,9,3.19,ES,1707018592
133,afaahiti,-17.75,-149.2833,27.93,78,99,4.4,PF,1707018304
134,motygino,58.1831,94.7592,-16.83,97,99,0.91,RU,1707018592
135,kapa'a,22.0752,-159.319,22.99,60,75,11.32,US,1707018592
136,port alfred,-33.5906,26.891,20.66,97,100,3.77,ZA,1707018278
137,lihue,21.9789,-159.3672,22.58,59,75,11.32,US,1707018262
138,caconda,-13.7333,15.0667,16.31,94,100,1.4,AO,1707018593
139,luwuk,-0.9516,122.7875,30.24,75,56,0.38,ID,1707018593
140,hilo,19.7297,-155.09,21.25,73,50,1.79,US,1707018248
141,monywa,22.1167,95.1333,24.11,32,0,3.81,MM,1707018593
142,asaita,11.5636,41.4394,23.78,74,78,2.05,ET,1707018593
143,lebu,-37.6167,-73.65,14.26,85,0,8.71,CL,1707018265
144,kochubey,44.3861,46.5825,0.17,87,100,3.44,RU,1707018594
145,ust-nera,64.5667,143.2,-22.2,95,100,2.19,RU,1707018270
146,beyneu,45.3167,55.2,-0.09,93,100,4.17,KZ,1707018594
147,vila do maio,15.1333,-23.2167,22.44,65,100,4.9,CV,1707018316
148,yellowknife,62.456,-114.3525,-27.71,76,0,2.57,CA,1707018315
149,port blair,11.6667,92.75,29.02,65,20,4.12,IN,1707018371
150,talnakh,69.4865,88.3972,-14.33,95,100,4.53,RU,1707018253
151,pisco,-13.7,-76.2167,24.03,78,75,6.17,PE,1707018595
152,yaren,-0.5472,166.916,28.92,77,100,6.82,NR,1707018595
153,tura,25.5198,90.2201,20.76,23,0,1.4,IN,1707018307
154,nyaunglebin,17.95,96.7333,30.04,25,0,1.18,MM,1707018595
155,necochea,-38.5473,-58.7368,16.34,57,90,5.67,AR,1707018595
156,ilulissat,69.2167,-51.1,-20.99,49,93,6.69,GL,1707018270
157,manicore,-5.8092,-61.3003,23.97,98,100,0.92,BR,1707018596
158,east ballina,-28.8667,153.5833,29.89,73,86,6.03,AU,1707018328
159,hawaiian paradise park,19.5933,-154.9731,21.13,72,54,1.34,US,1707018596
160,gadzhiyevo,69.2551,33.3362,-6.58,85,100,8.38,RU,1707018282
161,thompson,55.7435,-97.8558,0.09,100,100,2.57,CA,1707018240
162,samraong,12.4526,105.5873,33.82,41,2,1.7,KH,1707018596
163,'ain boucif,35.8912,3.1585,4.53,67,0,1.23,DZ,1707018596
164,antalaha,-14.9003,50.2788,23.8,95,100,2.2,MG,1707018284
165,susuman,62.7833,148.1667,-25.01,97,89,1.34,RU,1707018597
166,atlantic beach,30.3344,-81.3987,15.58,88,75,5.14,US,1707018597
167,chonchi,-42.6128,-73.8092,11.73,78,56,0.73,CL,1707018283
168,sogndal,61.2283,7.1003,0.21,100,100,1.54,NO,1707018597
169,xining,36.6167,101.7667,-5.53,51,57,0.68,CN,1707018358
170,christchurch,-43.5333,172.6333,29.67,41,4,6.17,NZ,1707017784
171,choma,-16.8065,26.9531,16.32,76,52,2.25,ZM,1707018598
172,luderitz,-26.6481,15.1594,18.07,97,53,0.26,NA,1707018178
173,cururupu,-1.8283,-44.8683,24.91,92,45,1.55,BR,1707018076
174,nizhnesortymskiy,62.4397,71.7603,-23.06,100,100,4.19,RU,1707018598
175,vadso,70.0744,29.7487,-1.91,80,100,4.63,NO,1707018080
176,westerland,54.9079,8.3033,7.01,81,100,9.77,DE,1707018598
177,black point,-34.6187,137.8972,33.93,32,0,3.72,AU,1707018598
178,kozhevnikovo,56.2589,83.9714,-7.08,94,100,3.83,RU,1707018599
179,la'ie,21.6477,-157.9253,23.98,57,26,4.47,US,1707018599
180,khouribga,32.9333,-6.6,10.48,40,61,1.18,MA,1707018599
181,yemva,62.59,50.8594,-12.27,93,99,3.6,RU,1707018599
182,lauro de freitas,-12.8944,-38.3272,28.01,78,20,3.6,BR,1707018599
183,bouake,7.6895,-5.0218,25.06,25,97,3.09,CI,1707018600
184,udachny,66.4167,112.4,-27.2,80,81,1.48,RU,1707018310
185,champerico,14.3,-91.9167,25.95,69,2,5.82,GT,1707018383
186,mermoz boabab,14.7065,-17.4758,21.88,83,0,4.12,SN,1707018600
187,paradip garh,20.3167,86.6167,24.6,65,0,1.93,IN,1707018600
188,rockland,41.1668,-74.0496,2.47,75,21,1.82,US,1707018600
189,baidoa,3.1138,43.6498,23.03,74,25,6.39,SO,1707018601
190,pizarro,4.9533,-77.366,25.51,89,53,1.13,CO,1707018601
191,fort bragg,35.139,-79.006,5.46,84,0,0.0,US,1707018601
192,ust'-uda,54.1742,103.0304,-13.39,87,100,1.11,RU,1707018601
193,puerto deseado,-47.7503,-65.8938,12.58,62,99,11.34,AR,1707018601
194,villamontes,-21.25,-63.5,26.75,40,17,1.81,BO,1707018273
195,avarua,-21.2078,-159.775,30.03,74,8,3.09,CK,1707018280
196,kathmandu,27.7167,85.3167,10.12,81,75,1.03,NP,1707018548
197,bodo,67.28,14.405,2.1,88,40,6.69,NO,1707018345
198,alice springs,-23.7,133.8833,35.75,19,100,4.12,AU,1707018263
199,saint-philippe,-21.3585,55.7679,24.77,66,46,4.06,RE,1707018281
200,aoulef,26.9667,1.0833,11.89,50,0,7.73,DZ,1707018602
201,tortoreto lido,42.8038,13.9429,12.84,44,34,1.32,IT,1707018603
202,san patricio,28.017,-97.5169,17.16,56,1,1.04,US,1707018313
203,port lincoln,-34.7333,135.8667,29.49,38,1,5.41,AU,1707018336
204,queenstown,-31.8976,26.8753,18.34,80,63,0.58,ZA,1707018280
205,miri,4.4148,114.0089,31.08,70,40,1.03,MY,1707018603
206,klyuchi,52.2667,79.1667,-6.81,83,96,5.73,RU,1707018299
207,yulinshi,38.2906,109.7494,-2.56,89,100,5.64,CN,1707018604
208,pirgaaj,25.8604,88.3635,20.27,31,0,2.92,BD,1707018604
209,pitimbu,-7.4706,-34.8086,26.33,73,100,4.31,BR,1707018604
210,whakatane,-37.9585,176.9854,25.49,62,0,2.68,NZ,1707018604
211,oranjemund,-28.55,16.4333,19.37,96,44,1.25,NA,1707018605
212,suva,-18.1416,178.4415,30.71,66,40,3.09,FJ,1707018365
213,st. john's,47.5649,-52.7093,-0.18,93,100,8.75,CA,1707018402
214,island harbour,50.724,-1.2758,11.75,94,100,3.13,GB,1707018605
215,nova sintra,14.8667,-24.7167,21.55,68,100,3.84,CV,1707018217
216,fukuecho,32.6881,128.8419,13.2,76,75,5.66,JP,1707018606
217,tongchuanshi,35.0806,109.0897,-2.29,77,100,2.22,CN,1707018606
218,kingston,17.997,-76.7936,25.53,73,20,1.54,JM,1707018370
219,aykhal,66.0,111.5,-23.97,82,62,2.27,RU,1707018270
220,utrik,11.2278,169.8474,26.55,77,98,8.11,MH,1707018606
221,tympaki,35.0729,24.7685,9.31,67,0,2.07,GR,1707018606
222,pemangkat,1.1667,108.9667,28.28,77,95,3.33,ID,1707018335
223,glace bay,46.1969,-59.957,-0.75,98,100,8.75,CA,1707018368
224,crixas,-14.5489,-49.9692,22.4,89,100,0.37,BR,1707018607
225,pauini,-7.7136,-66.9764,23.67,97,70,1.0,BR,1707018607
226,yenagoa,4.9247,6.2642,24.64,96,13,1.39,NG,1707018607
227,kutaisi,42.2496,42.6997,2.43,100,75,3.6,GE,1707018608
228,horta,38.5333,-28.6333,16.68,87,21,4.02,PT,1707018608
229,flying fish cove,-10.4217,105.6791,27.82,78,100,2.06,CX,1707018355
230,quirihue,-36.2833,-72.5333,15.06,45,0,1.62,CL,1707018519
231,gabes,33.8815,10.0982,6.98,100,20,3.09,TN,1707018609
232,midland,31.9974,-102.0779,12.37,33,0,13.38,US,1707018609
233,kabalo,-6.05,26.9167,20.19,97,99,0.81,CD,1707018609
234,mount isa,-20.7333,139.5,31.87,51,75,9.77,AU,1707018303
235,vilyuchinsk,52.9306,158.4028,-9.85,68,82,3.32,RU,1707018021
236,constantia,44.1833,28.65,4.38,81,100,6.55,RO,1707018263
237,pangkalanbuun,-2.6833,111.6167,29.17,72,99,2.37,ID,1707018295
238,tazacorte,28.629,-17.9293,18.97,30,0,2.06,ES,1707018332
239,peace river,56.2501,-117.286,-9.83,73,20,1.03,CA,1707018482
240,leninskoye,41.7589,69.3864,0.18,99,100,4.03,KZ,1707018610
241,tamanrasset,22.785,5.5228,8.95,21,0,2.06,DZ,1707018610
242,mejit,10.2753,170.8646,26.78,77,86,8.48,MH,1707018284
243,pangai,-19.8,-174.35,30.06,79,75,4.12,TO,1707018611
244,portage la prairie,49.9728,-98.2926,2.28,72,92,2.81,CA,1707018611
245,laguna,38.421,-121.4238,11.06,80,0,1.54,US,1707018611
246,shuangcheng,45.35,126.2833,-15.18,78,6,2.25,CN,1707018611
247,dawei,14.0833,98.2,30.79,39,13,2.23,MM,1707018611
248,touros,-5.1989,-35.4608,26.96,76,38,5.99,BR,1707018136
249,worland,44.0169,-107.9554,4.22,96,100,1.54,US,1707018439
250,wailua homesteads,22.0669,-159.378,22.24,59,75,11.32,US,1707018106
251,ocean shores,46.9737,-124.1563,8.34,88,0,0.45,US,1707018612
252,argo,37.6333,22.7333,6.55,78,0,1.83,GR,1707018612
253,al bawiti,28.3492,28.8659,6.68,58,1,1.72,EG,1707018612
254,ciro marina,39.3732,17.126,11.31,60,32,1.44,IT,1707018612
255,sanibel,26.449,-82.0223,16.01,87,54,1.34,US,1707018370
256,mo i rana,66.3128,14.1428,-3.74,93,100,0.0,NO,1707018613
257,tonj,7.2737,28.6822,21.3,26,50,2.24,SS,1707018613
258,saint-joseph,-21.3667,55.6167,24.21,65,27,4.3,RE,1707018613
259,kapuskasing,49.4169,-82.4331,-1.95,93,0,1.03,CA,1707018301
260,auki,-8.7676,160.7034,29.71,70,97,3.99,SB,1707018614
261,coquimbo,-29.9533,-71.3436,18.85,82,0,0.0,CL,1707018110
262,bondoukou,8.0333,-2.8,23.42,21,98,0.93,CI,1707018614
263,aqaba,29.5267,35.0078,10.92,54,0,0.0,JO,1707018614
264,goz beida,13.95,20.55,16.82,23,2,2.92,TD,1707018614
265,vilyuysk,63.7553,121.6247,-23.33,93,98,1.79,RU,1707018614
266,ingeniero jacobacci,-41.3427,-69.5448,18.28,14,23,2.43,AR,1707018615
267,hanamaki,39.3833,141.1167,5.11,48,75,6.17,JP,1707018615
268,okha,53.5739,142.9478,-18.69,86,9,7.53,RU,1707018615
269,sparti,37.0733,22.4297,8.3,87,0,1.9,GR,1707018615
270,jiangyin,31.9282,120.3126,2.03,96,100,4.06,CN,1707018615
271,karratha,-20.7377,116.8463,35.09,43,73,7.56,AU,1707018377
272,franca,-20.5386,-47.4008,19.49,74,100,1.46,BR,1707018616
273,cabedelo,-6.9811,-34.8339,26.37,74,99,4.76,BR,1707018616
274,goldau,47.0476,8.5462,6.33,93,100,0.51,CH,1707018616
275,paulo afonso,-9.4061,-38.2147,23.52,82,82,3.51,BR,1707018616
276,n'dalatando,-9.2978,14.9116,19.99,98,100,0.91,AO,1707018617
277,lazaro cardenas,17.9583,-102.2,22.79,76,0,2.18,MX,1707018617
278,shipunovo,52.1582,82.2173,-6.51,79,98,7.84,RU,1707018617
279,daokou,35.5639,114.5058,-0.03,33,100,6.05,CN,1707018617
280,cutral-co,-38.9469,-69.2089,18.84,10,32,4.4,AR,1707018618
281,el granada,37.5027,-122.4694,10.94,89,100,7.2,US,1707018378
282,kamyzyak,46.11,48.0736,0.99,80,75,6.0,RU,1707018618
283,praia da vitoria,38.7333,-27.0667,15.98,88,20,5.36,PT,1707018311
284,kavieng,-2.5744,150.7967,29.44,72,91,3.32,PG,1707018618
285,hithadhoo,-0.6,73.0833,27.8,73,99,2.21,MV,1707018261
286,remire-montjoly,4.9167,-52.2667,26.02,89,0,1.03,GF,1707018230
287,isla vista,34.4133,-119.861,12.68,85,100,2.57,US,1707018619
288,torit,4.4133,32.5678,24.56,43,95,0.6,SS,1707018619
289,vorkuta,67.5,64.0,-21.83,97,35,1.59,RU,1707018620
290,at-bashi,41.1702,75.8106,-10.45,77,100,0.75,KG,1707018620
291,avila,40.5833,-5.0,3.14,39,0,1.21,ES,1707018620
292,ponta delgada,37.7333,-25.6667,18.44,77,20,4.63,PT,1707018297
293,piranhas,-16.4269,-51.8222,22.28,75,100,0.94,BR,1707018621
294,ceeldheer,3.8488,47.1806,25.25,86,70,6.82,SO,1707018261
295,altai,46.3722,96.2583,-16.0,89,51,1.73,MN,1707018621
296,niamey,13.5137,2.1098,20.16,14,0,5.14,NE,1707018621
297,bahia de caraquez,-0.6,-80.4167,27.1,87,100,2.36,EC,1707018622
298,north battleford,52.7834,-108.2847,0.22,93,100,3.6,CA,1707018622
299,kenai,60.5544,-151.2583,-16.03,89,100,6.17,US,1707018622
300,san antonio de pale,-1.4014,5.6325,27.86,75,100,3.43,GQ,1707018352
301,kourou,5.1552,-52.6478,26.03,93,56,3.1,GF,1707018622
302,howard springs,-12.497,131.047,33.32,77,58,5.76,AU,1707018304
303,zell am see,47.3256,12.7944,1.96,63,11,1.99,AT,1707018623
304,codrington,-38.2667,141.9667,26.08,38,27,6.18,AU,1707018623
305,cockburn town,21.4612,-71.1419,23.34,63,0,2.54,TC,1707018292
306,zunyi,27.6867,106.9072,3.13,88,100,1.69,CN,1707018490
307,ensenada,31.8667,-116.6167,13.3,69,17,1.08,MX,1707018302
308,honefoss,60.168,10.2565,1.84,94,85,1.14,NO,1707018624
309,qujing,25.4833,103.7833,13.97,33,0,7.78,CN,1707018625
310,dunedin,-45.8742,170.5036,25.04,32,96,3.64,NZ,1707018274
311,zhezqazghan,47.7833,67.7667,-7.68,86,75,8.0,KZ,1707018625
312,buncrana,55.1333,-7.45,8.33,80,100,8.26,IE,1707018625
313,malanje,-9.5402,16.341,16.85,98,100,1.53,AO,1707018275
314,bengkulu,-3.8004,102.2655,27.2,72,100,1.06,ID,1707018259
315,nikolayevsk-on-amure,53.1406,140.73,-16.01,77,25,2.45,RU,1707018276
316,port-gentil,-0.7193,8.7815,27.96,75,100,2.36,GA,1707018626
317,piacabucu,-10.4056,-36.4344,25.56,85,19,2.9,BR,1707018626
318,dawson creek,55.7666,-120.2362,-7.2,63,0,1.54,CA,1707018589
319,ulverstone,-41.15,146.1667,22.62,77,68,4.42,AU,1707018627
320,ust-tsilma,65.441,52.1498,-14.25,91,100,4.63,RU,1707018627
321,hamilton,39.1834,-84.5333,4.47,80,0,5.14,US,1707018301
322,fort st. john,56.2499,-120.8529,-9.06,73,0,4.12,CA,1707018397
323,tangalle,6.024,80.7911,26.09,66,69,3.01,LK,1707018278
324,mar del plata,-38.0023,-57.5575,19.01,62,75,6.71,AR,1707018628
325,siem reap,13.5,104.0,34.02,45,3,2.02,KH,1707018628
326,bardai,11.65,7.2333,15.43,21,2,6.06,NG,1707018628
327,sinop,41.7711,34.8709,1.2,77,100,3.03,TR,1707018423
328,illizi,26.4833,8.4667,4.89,36,0,2.61,DZ,1707018629
329,bargaal,11.2864,51.0773,24.26,77,78,3.27,SO,1707018629
330,parabel',58.6978,81.4825,-14.49,96,100,2.68,RU,1707018629
331,rongelap,11.1635,166.8941,26.65,79,100,8.18,MH,1707018276
332,vinaros,40.4703,0.4756,11.42,71,7,0.79,ES,1707018630
333,ebon,4.582,168.6964,27.56,83,73,8.1,MH,1707018630
334,rechka-vydrino,51.485,104.8461,-14.13,88,100,0.94,RU,1707018630
335,saldanha,-33.0117,17.9442,19.03,94,97,5.73,ZA,1707018349
336,ramshir,30.8946,49.4092,5.86,49,0,3.1,IR,1707018631
337,baoro,5.6667,15.9667,18.37,30,52,2.14,CF,1707018631
338,hacienda huancane,-15.8222,-70.8856,5.27,62,25,1.7,PE,1707018631
339,tahla,34.0485,-4.428,9.51,52,52,1.7,MA,1707018632
340,trairi,-3.2778,-39.2689,26.54,84,74,4.26,BR,1707018467
341,scarborough,54.2797,-0.4044,8.14,79,100,3.58,GB,1707018507
342,winschoten,53.1442,7.0347,6.79,90,59,6.54,NL,1707018632
343,port douglas,-16.4833,145.4667,29.23,79,100,3.23,AU,1707018633
344,oxapampa,-10.5775,-75.4017,14.11,96,29,1.96,PE,1707018633
345,yermolayevo,52.7167,55.8,-8.6,95,100,5.5,RU,1707018633
346,lindesberg,59.592,15.2304,2.29,56,5,5.74,SE,1707018633
347,guane,22.2025,-84.0875,20.93,80,8,3.13,CU,1707018633
348,onsala,57.4253,12.029,4.97,81,100,4.92,SE,1707018634
349,port saint john's,-31.6229,29.5448,22.04,82,12,1.92,ZA,1707018302
350,keflavik,64.0049,-22.5624,-1.76,93,75,10.8,IS,1707018366
351,verkhnevilyuysk,63.4453,120.3167,-21.78,89,100,2.53,RU,1707018634
352,touba,8.2833,-7.6833,23.33,26,93,0.99,CI,1707018634
353,dzuunharaa,48.8523,106.4579,-11.37,73,97,0.52,MN,1707018634
354,carutapera,-1.195,-46.02,25.35,89,23,2.49,BR,1707018635
355,woolgoolga,-30.1106,153.2007,31.69,73,90,8.54,AU,1707018635
356,livny,52.4253,37.6069,1.28,99,100,8.29,RU,1707018635
357,javanrud,34.7961,46.5172,-1.88,83,68,0.88,IR,1707018635
358,hailar,49.2,119.7,-23.55,91,69,1.3,CN,1707018636
359,pagar alam,-4.0167,103.2667,26.36,71,97,1.39,ID,1707018636
360,tocaima,4.4582,-74.6343,24.48,86,83,0.92,CO,1707018636
361,chilliwack,49.1747,-121.9443,6.29,97,100,0.89,CA,1707018636
362,colchani,-20.3,-66.9333,10.76,51,0,4.89,BO,1707018637
363,kodiak,57.79,-152.4072,1.73,93,100,3.6,US,1707018206
364,tsiombe,-25.3,45.4833,24.08,71,52,2.69,MG,1707018280
365,guiuan,11.0333,125.7247,27.03,81,9,6.2,PH,1707018637
366,nuku'alofa,-21.1333,-175.2,29.19,89,75,4.12,TO,1707018637
367,happy valley-goose bay,53.3168,-60.3315,-27.83,83,20,1.54,CA,1707018289
368,hobyo,5.3505,48.5268,25.6,81,81,8.13,SO,1707018295
369,crane,31.3974,-102.3501,12.6,28,1,14.42,US,1707018276
370,tofol,5.3248,163.0078,27.88,83,100,7.72,FM,1707018638
371,ancud,-41.8697,-73.8203,10.61,75,42,1.99,CL,1707018314
372,nioki,-2.7167,17.6833,21.67,90,100,0.52,CD,1707018638
373,santa cruz de barahona,18.2085,-71.1008,23.84,84,48,1.16,DO,1707018638
374,inirida,3.8653,-67.9239,23.69,95,99,0.08,CO,1707018639
375,dizangue,3.7667,9.9833,24.59,96,82,1.5,CM,1707018639
376,benguela,-12.5763,13.4055,27.34,79,100,1.16,AO,1707018639
377,paragominas,-2.9667,-47.4833,22.31,98,98,1.49,BR,1707018640
378,baharly,38.4362,57.4316,4.14,57,41,2.45,TM,1707018640
379,muroto-misakicho,33.2833,134.15,10.77,79,100,4.47,JP,1707018640
380,zwedru,6.0667,-8.1281,22.51,99,86,1.18,LR,1707018641
381,weno,7.4515,151.8468,28.97,84,100,6.17,FM,1707018311
382,san ignacio,17.1561,-89.0714,21.07,96,6,0.98,BZ,1707018641
383,saint-leu,-21.15,55.2833,25.46,68,27,3.78,RE,1707018642
384,dabou,5.3256,-4.3769,26.0,92,82,1.29,CI,1707018642
385,khandyga,62.6667,135.6,-34.02,96,88,0.25,RU,1707018346
386,antofagasta,-23.65,-70.4,21.6,83,2,2.23,CL,1707018464
387,airuk,7.2772,168.8203,27.48,78,94,9.52,MH,1707018642
388,nicoya,10.1483,-85.452,23.06,90,20,1.0,CR,1707018643
389,katsuren-haebaru,26.3369,127.8719,24.43,80,100,2.06,JP,1707018368
390,lerwick,60.1545,-1.1494,7.0,76,100,13.76,GB,1707018287
391,durango,24.8333,-104.8333,7.42,35,0,3.32,MX,1707018643
392,kidal,18.4411,1.4078,14.22,15,1,5.76,ML,1707018362
393,cooma,-36.2333,149.1333,33.12,14,77,6.03,AU,1707018644
394,bolobo,-2.1667,16.2333,22.08,94,100,0.64,CD,1707018644
395,melenki,55.3343,41.6295,-3.12,97,100,4.31,RU,1707018645
396,greymouth,-42.4667,171.2,16.78,63,81,2.86,NZ,1707018645
397,maceio,-9.6658,-35.7353,26.69,100,20,0.51,BR,1707018645
398,melfort,52.8667,-104.6177,1.07,93,33,2.06,CA,1707018646
399,bogale,16.2833,95.4,28.93,34,3,3.8,MM,1707018646
400,kone,-21.0595,164.8658,28.57,79,100,3.75,NC,1707018277
401,temirgoyevskaya,45.1141,40.2803,4.29,80,100,12.03,RU,1707018646
402,at taj,24.2049,23.2857,6.45,53,1,2.84,LY,1707018647
403,san bernardo del viento,9.3533,-75.9524,26.9,81,97,4.15,CO,1707018648
404,kuytun,54.3419,101.5036,-13.74,92,100,1.9,RU,1707018648
405,kota kinabalu,5.9749,116.0724,30.99,74,20,2.68,MY,1707018493
406,veraval,20.9,70.3667,25.38,46,2,3.13,IN,1707018648
407,sheridan,44.8333,-106.9173,3.51,93,100,3.09,US,1707018648
408,paranaiba,-19.6772,-51.1908,23.67,67,100,1.98,BR,1707018649
409,honmachi,32.5,130.6,12.22,84,100,2.11,JP,1707018649
410,canutama,-6.5339,-64.3831,23.93,97,100,1.12,BR,1707018649
411,barguzin,53.6167,109.6167,-17.75,88,90,2.73,RU,1707018650
412,palwancha,17.5815,80.6765,27.03,57,2,2.05,IN,1707018650
413,racine,42.7495,-88.0751,0.59,93,100,4.12,US,1707018650
414,colonia,50.9333,6.95,10.59,90,75,7.2,DE,1707018287
415,pahrump,36.2083,-115.9839,7.92,72,47,1.43,US,1707018650
416,sfizef,35.2346,-0.2444,3.72,53,0,1.91,DZ,1707018651
417,umba,66.6871,34.3429,-4.14,93,100,6.78,RU,1707018651
418,calca,-13.3333,-71.95,12.64,90,100,2.09,PE,1707018652
419,khovd,48.0056,91.6419,-15.67,70,10,0.71,MN,1707018652
420,barra de santo antonio,-9.4047,-35.5072,26.6,85,35,1.65,BR,1707018652
421,enewetak,11.3474,162.3373,26.57,82,79,9.86,MH,1707018360
422,hami,42.8,93.45,-2.47,55,28,2.76,CN,1707018361
423,purpe,64.4803,76.6897,-15.04,97,100,1.4,RU,1707018653
424,arawa,-6.2132,155.5367,30.5,73,45,0.91,PG,1707018286
425,plastun,44.7561,136.2939,-7.52,44,0,4.77,RU,1707018653
426,souillac,-20.5167,57.5167,23.21,78,40,0.0,MU,1707018653
427,pechora,65.1472,57.2244,-18.97,90,21,3.58,RU,1707018653
428,chabahar,25.2919,60.643,20.9,45,9,4.89,IR,1707018493
429,shalqar,47.8333,59.6,-2.91,92,100,4.48,KZ,1707018351
430,viedma,-40.8135,-62.9967,13.07,57,72,1.41,AR,1707018375
431,kayes,14.0,-11.0,23.23,13,3,2.92,ML,1707018654
432,tucuma,-0.1833,-50.05,24.5,94,41,2.28,BR,1707018344
433,lamu,-2.2717,40.902,26.52,81,71,4.45,KE,1707018654
434,naze,28.3667,129.4833,22.51,74,82,2.95,JP,1707018654
435,miles city,46.4083,-105.8406,4.54,93,100,3.09,US,1707018655
436,anna regina,7.2644,-58.5077,24.99,86,10,4.29,GY,1707018655
437,vila velha,-20.3297,-40.2925,24.41,96,75,1.34,BR,1707018283
438,port-vila,-17.7338,168.3219,28.78,84,75,1.54,VU,1707018345
439,gemena,3.25,19.7667,24.9,33,100,0.46,CD,1707018655
440,bonthe,7.5264,-12.505,25.1,88,100,1.22,SL,1707018655
441,dalnegorsk,44.5604,135.5701,-8.0,69,7,4.02,RU,1707018313
442,mahajanga,-15.7167,46.3167,26.01,83,40,2.06,MG,1707018656
443,lobujya,27.95,86.8167,-9.25,38,17,2.11,NP,1707018656
444,broken hill,-31.95,141.4333,35.66,15,100,6.54,AU,1707018336
445,saskatoon,52.1168,-106.6345,-0.01,92,100,5.66,CA,1707018532
446,nushki,29.5542,66.0215,9.59,31,14,1.51,PK,1707018656
447,yongchuan,29.3514,105.8947,8.26,83,100,0.35,CN,1707018557
448,chernyshevskiy,63.0128,112.4714,-26.76,95,67,1.48,RU,1707018657
449,siwa oasis,29.2041,25.5195,9.78,67,4,1.58,EG,1707018657
450,namibe,-15.1961,12.1522,24.48,87,93,2.04,AO,1707018373
451,bairnsdale,-37.8333,147.6167,26.7,60,2,2.24,AU,1707018657
452,cadale,2.7603,46.3222,26.54,81,100,8.12,SO,1707018348
453,richards bay,-28.783,32.0377,22.88,79,94,3.76,ZA,1707018658
454,la passe,45.5549,-0.8967,7.21,94,34,3.46,FR,1707018325
455,micheweni,-4.9667,39.8333,27.42,75,40,4.16,TZ,1707018658
456,chadron,42.8294,-102.9999,3.41,94,100,3.6,US,1707018658
457,urucara,-2.5364,-57.76,24.5,89,31,1.25,BR,1707018658
458,salinopolis,-0.6136,-47.3561,26.37,85,62,4.07,BR,1707018299
459,dakhla,23.6848,-15.958,19.31,38,70,6.18,EH,1707018659
460,alo,7.4178,6.7371,23.73,23,50,0.56,NG,1707018659
461,juneau,58.3019,-134.4197,0.06,100,100,1.54,US,1707018058
462,tromso,69.6496,18.957,-2.99,86,75,2.06,NO,1707018364
463,begamganj,23.6,78.3333,23.38,35,7,2.42,IN,1707018659
464,kyzyl,51.7,94.45,-25.7,99,99,0.8,RU,1707018659
465,alofi,-19.0595,-169.9187,30.94,70,92,4.63,NU,1707018319
466,linhares,-19.3911,-40.0722,22.62,96,79,1.05,BR,1707018302
467,sebastian,35.1668,-94.2669,10.33,96,100,2.73,US,1707018660
468,rach gia,10.0167,105.0833,28.2,64,16,0.83,VN,1707018660
469,bandundu,-3.3167,17.3667,21.69,97,99,1.62,CD,1707018660
470,santa ana,33.7456,-117.8678,14.28,73,75,2.57,US,1707018660
471,sovetskaya gavan',48.9723,140.2878,-11.05,66,6,2.35,RU,1707018660
472,al hadd,26.2456,50.6542,16.99,48,20,7.2,BH,1707018660
473,juye,35.3947,116.0883,0.97,36,100,3.46,CN,1707018661
474,mahina,-17.5065,-149.489,28.87,70,75,5.14,PF,1707018661
475,wewak,-3.5534,143.6268,28.54,76,100,3.12,PG,1707018661
476,nadi,-17.8,177.4167,31.0,66,75,5.66,FJ,1707018293
477,el porvenir,13.7617,-87.3458,24.63,89,89,0.74,HN,1707018661
478,puerto palomas,31.7667,-107.6167,6.97,48,0,12.24,MX,1707018661
479,portland,45.5234,-122.6762,8.3,78,40,1.54,US,1707018195
480,omagh,54.6,-7.3,7.9,85,100,5.52,GB,1707018586
481,lupane,-18.9315,27.807,17.06,66,62,2.51,ZW,1707018662
482,suncho corral,-27.9336,-63.4294,33.09,27,97,4.79,AR,1707018662
483,marks,51.7111,46.7486,-1.33,95,100,6.69,RU,1707018662
484,santa cruz de yojoa,14.9833,-87.9,20.66,80,3,2.11,HN,1707018663
485,kangding,30.0513,101.9603,7.51,32,2,1.75,CN,1707018663
486,boca do acre,-8.7522,-67.3978,23.48,98,66,0.77,BR,1707018663
487,seaford,50.7714,0.1027,11.16,82,100,5.81,GB,1707018663
488,daru,-9.0763,143.2092,32.37,60,60,4.52,PG,1707018354
489,bereznik,62.8551,42.7072,-14.88,96,94,3.39,RU,1707018664
490,xinyuan,37.3,99.0,-11.11,45,1,2.56,CN,1707018664
491,pingliang,35.5392,106.6861,-1.43,66,82,2.4,CN,1707018664
492,la cruz,23.9167,-106.9,16.76,73,0,3.88,MX,1707018664
493,novaya igirma,57.1334,103.9112,-16.53,92,100,0.54,RU,1707018664
494,saudarkrokur,65.7461,-19.6394,-9.92,91,92,4.53,IS,1707018375
495,puerto leguizamo,-0.1934,-74.7819,23.19,97,100,0.8,CO,1707018297
496,manaure,11.7751,-72.4445,25.72,86,97,3.94,CO,1707018665
497,sos'va,59.1766,61.8558,-13.86,94,100,4.02,RU,1707018665
498,great falls,47.5002,-111.3008,3.25,93,100,6.17,US,1707018665
499,millau,44.0833,2.9167,0.07,83,24,1.05,FR,1707018666
500,quechultenango,17.4167,-99.2167,17.11,93,2,0.8,MX,1707018666
501,dubna,56.7333,37.1667,0.69,98,100,5.21,RU,1707018373
502,takoradi,4.8845,-1.7554,25.57,94,46,1.5,GH,1707018666
503,mumbwa,-14.9783,27.0619,17.12,94,100,1.93,ZM,1707018366
504,angaur state,6.906,134.13,27.5,81,97,8.72,PW,1707018666
505,rio preto da eva,-2.6994,-59.6997,24.14,87,34,1.49,BR,1707018667
506,bandarbeyla,9.4942,50.8122,25.66,68,49,6.76,SO,1707018667
507,fortuna,40.5982,-124.1573,8.7,92,0,0.0,US,1707018047
508,shahr-e babak,30.1165,55.1186,0.29,24,0,2.04,IR,1707018667
509,kailua-kona,19.6406,-155.9956,24.72,77,100,3.09,US,1707018157
510,jiuquan,39.7432,98.5174,-4.33,59,16,1.97,CN,1707018667
511,marion,39.7684,-86.1555,2.34,87,20,5.14,US,1707018667
512,hasaki,35.7333,140.8333,7.94,89,100,5.5,JP,1707018061
513,acarau,-2.8856,-40.12,26.53,85,100,5.26,BR,1707018668
514,altania,-23.8744,-53.9017,24.05,60,9,3.71,BR,1707018668
515,ghat,24.9647,10.1728,7.72,34,0,1.37,LY,1707018333
516,lhuentse,27.6679,91.1839,10.98,70,79,2.13,BT,1707018668
517,benjamin constant,-4.3831,-70.0311,25.07,97,100,0.47,BR,1707018381
518,belle chasse,29.8549,-89.9906,17.22,95,75,1.79,US,1707018669
519,zhytkavichy,52.2168,27.8561,2.99,80,100,5.32,BY,1707018669
520,puerto madryn,-42.7692,-65.0385,15.32,50,8,7.04,AR,1707018669
521,keelung,25.1283,121.7419,23.1,89,99,3.79,TW,1707018669
522,meadow lake,34.8014,-106.5436,5.71,37,0,8.6,US,1707018288
523,mucuri,-18.0864,-39.5508,24.87,86,82,1.24,BR,1707018669
524,acapulco de juarez,16.8634,-99.8901,26.9,74,20,5.66,MX,1707018093
525,szarvas,46.8667,20.55,8.02,84,100,6.5,HU,1707018670
526,taltal,-25.4,-70.4833,20.01,83,21,0.58,CL,1707018670
527,nuuk,64.1835,-51.7216,-11.66,61,19,7.72,GL,1707018268
528,fuglafjordur,62.244,-6.814,2.26,81,98,13.75,FO,1707018385
529,alamogordo,32.8995,-105.9603,7.9,34,20,5.14,US,1707018670
530,hadibu,12.65,54.0333,24.73,74,57,4.32,YE,1707018670
531,lebanon,36.2081,-86.2911,12.03,76,20,2.06,US,1707018671
532,nema,57.5067,50.5011,-21.33,100,99,1.17,RU,1707018264
533,olyokminsk,60.3736,120.4264,-23.02,93,85,1.2,RU,1707018671
534,aksuat,48.7167,83.7,-13.73,89,44,0.94,KZ,1707018671
535,eyl,7.9803,49.8164,24.33,78,6,7.06,SO,1707018671
536,pyt-yakh,60.7499,72.8582,-24.08,100,95,2.94,RU,1707018671
537,choibalsan,48.0667,114.5,-19.37,82,27,0.61,MN,1707018672
538,sola,-13.8833,167.55,30.37,79,100,0.0,VU,1707018672
539,balqash,46.8481,74.995,-12.67,85,0,6.0,KZ,1707018672
540,kushiro,42.975,144.3747,-2.47,63,20,2.57,JP,1707018672
541,sao martinho,39.5144,-9.1311,11.36,79,0,1.97,PT,1707018672
542,meadow lakes,61.6247,-149.6011,-12.67,84,100,0.0,US,1707018672
543,banfora,10.6333,-4.7667,23.48,18,0,3.07,BF,1707018279
544,bereeda,11.8704,51.0579,24.44,77,60,2.58,SO,1707018673
545,new norfolk,-42.7826,147.0587,15.72,56,100,0.97,AU,1707018210
546,new glasgow,45.5834,-62.6486,-2.34,95,100,10.04,CA,1707018673
547,guerrero negro,27.9769,-114.0611,15.17,68,0,5.36,MX,1707018673
548,ofunato,39.0717,141.7167,5.41,48,34,7.88,JP,1707018673
549,haiku-pauwela,20.9219,-156.3051,21.13,71,100,8.75,US,1707018282
550,ulladulla,-35.35,150.4667,36.54,40,92,5.22,AU,1707018293
551,uzda,53.4627,27.2137,2.27,76,100,6.98,BY,1707018674
552,grunheide,52.4167,13.8167,7.4,91,71,6.05,DE,1707018674
553,omaruru,-21.4333,15.9333,21.52,74,100,0.81,NA,1707018674
554,jijiga,9.35,42.8,15.85,81,34,3.29,ET,1707018674
555,ciudad del este,-25.5167,-54.6167,27.34,69,0,2.06,PY,1707018675
556,zaysan,47.4667,84.8667,-12.43,87,75,0.68,KZ,1707018675
557,quthing,-30.4,27.7003,16.71,76,37,1.0,LS,1707018675
558,port macquarie,-31.4333,152.9167,31.05,69,66,7.77,AU,1707018675
559,dao,11.3937,122.6856,26.68,60,36,4.09,PH,1707018675
560,sinabang,2.4803,96.3801,28.14,71,93,1.48,ID,1707018675
561,ust'-ilimsk,58.0006,102.6619,-16.42,91,100,0.89,RU,1707018339
562,lombardia,19.15,-102.0333,19.54,56,3,1.65,MX,1707018676
563,aljezur,37.3191,-8.8033,10.81,77,13,1.86,PT,1707018676
564,castillos,-34.1667,-53.8333,21.51,86,0,1.78,UY,1707018324
565,neiafu,-18.65,-173.9833,30.38,79,40,2.57,TO,1707018676
566,tenenkou,14.4572,-4.9169,19.64,14,8,4.42,ML,1707018677
567,waingapu,-9.6567,120.2641,30.86,70,61,4.77,ID,1707018677
568,newman,37.3138,-121.0208,11.83,83,100,0.45,US,1707018677
569,kudahuvadhoo,2.6708,72.8944,27.74,77,78,5.28,MV,1707018259
570,nyangao,-10.3333,39.2833,23.34,97,99,0.44,TZ,1707018678
571,nguigmi,14.2495,13.1092,16.33,22,0,6.69,NE,1707018679
572,bamboo flat,11.7,92.7167,29.05,65,20,4.12,IN,1707018679
573,ranau,5.9538,116.6641,27.47,74,92,1.27,MY,1707018681
574,qamdo,31.1667,97.2333,-7.06,30,99,3.44,CN,1707018325
575,nar'yan-mar,67.6713,53.087,-13.27,84,17,7.15,RU,1707018306
576,marsh harbour,26.5412,-77.0636,21.15,65,21,3.03,BS,1707018309
577,kontcha,7.9667,12.2333,17.59,27,5,0.04,CM,1707018682
578,vernon,50.2581,-119.2691,6.27,94,100,1.34,CA,1707018615
579,yatou,37.15,122.3833,2.75,53,100,6.99,CN,1707018683
580,nantucket,41.2835,-70.0995,1.12,51,20,7.72,US,1707018121
581,cape canaveral,28.4058,-80.6048,21.1,81,20,4.63,US,1707018683
582,las heras,-46.5419,-68.9359,17.07,20,98,5.81,AR,1707018684
583,port hedland,-20.3167,118.5667,33.03,62,58,10.8,AU,1707018684
584,floro,61.5996,5.0328,0.98,93,100,4.63,NO,1707018686
585,hinton,53.4001,-117.5857,-2.89,82,100,1.43,CA,1707018687
586,luanco,43.6152,-5.7934,9.45,94,37,1.88,ES,1707018688
587,aral,40.5156,81.2636,-0.79,56,100,1.94,CN,1707018688
588,tindouf,27.6711,-8.1474,10.29,28,55,5.07,DZ,1707018350
589,tahoua,14.8888,5.2692,15.28,15,2,6.33,NE,1707018688
590,mukalla,14.5425,49.1242,23.43,78,2,1.81,YE,1707018340
591,humaita,-7.5061,-63.0208,23.7,99,100,1.26,BR,1707018273
592,homer,59.6425,-151.5483,-7.07,79,100,2.06,US,1707018689
593,lapeer,43.0514,-83.3188,-1.73,100,0,3.09,US,1707018689
594,belmonte,-15.8631,-38.8828,24.55,89,88,2.61,BR,1707018284
